"game_date","pitch_name","release_speed","des","game_type","stand","batter_name","pitcher_name","p_throws","home_team","away_team","bb_type","balls","strikes","game_year","on_3b","on_2b","on_1b","runners_on_base","hr_rbi","outs_when_up","inning","inning_topbot","game_pk","at_bat_number","pitch_number","home_score","away_score","post_away_score","post_home_score","delta_run_exp","bat_score_diff","home_win_exp","away_win_exp","bat_win_exp","wp_delta","pit_win_exp","age_pit","age_bat","n_thruorder_pitcher","n_priorpa_thisgame_player_at_bat"
"2026-09-17","4-Seam Fastball",90,"Yordan Alvarez homers (40) on a fly ball to right field.","R","L","Alvarez, Yordan","Lugo, Seth","R","HOU","KC","fly_ball",0,0,2026,NA,NA,NA,0,1,2,5,"Bot",824141,37,1,3,1,1,4,2.595,2,0.786,0.214,0.786,0.082,0.214,37,29,3,2
"2026-09-17","Curveball",79.1,"LaMonte Wade Jr. homers (4) on a fly ball to right field.","R","L","Wade Jr., LaMonte","Lugo, Seth","R","HOU","KC","fly_ball",0,1,2026,NA,NA,NA,0,1,1,5,"Bot",824141,35,2,2,1,1,3,1.624,1,0.685,0.315,0.685,0.112,0.315,37,32,2,1
"2026-09-17","4-Seam Fastball",90.2,"Xander Bogaerts homers (12) on a fly ball to left field.","R","R","Bogaerts, Xander","Gordon, Tanner","R","COL","SD","fly_ball",0,0,2026,NA,NA,NA,0,1,0,2,"Top",824305,11,1,1,0,1,1,1.114,-1,0.603,0.397,0.397,0.103,0.603,29,34,1,0
"2026-09-17","Sinker",94.5,"Miguel Rojas homers (4) on a fly ball to left center field.","R","R","Rojas, Miguel","Williamson, Brandon","L","CIN","LAD","fly_ball",1,0,2026,NA,NA,NA,0,1,2,9,"Top",824464,73,2,1,7,8,1,2.554,6,0.003,0.997,0.997,0.002,0.003,28,37,1,4
"2026-09-17","Sinker",96,"Sal Stewart homers (32) on a fly ball to right field.","R","R","Stewart, Sal","Treinen, Blake","R","CIN","LAD","fly_ball",2,2,2026,NA,NA,NA,0,1,2,4,"Bot",824464,38,5,0,7,7,1,2.632,-7,0.024,0.976,0.024,0.017,0.976,38,23,1,1
"2026-09-17","Sinker",94.6,"Munetaka Murakami homers (32) on a fly ball to center field. Chase Meidroth scores. Randal Grichuk scores.","R","L","Murakami, Munetaka","Valdez, Framber","L","CWS","DET","fly_ball",0,0,2026,"Meidroth, Chase",NA,"Grichuk, Randal",2,3,2,1,"Bot",824548,8,1,0,0,0,3,1.535,0,0.548,0.452,0.548,0.236,0.452,33,26,1,0
"2026-09-17","Changeup",86.5,"Umpire reviewed (home run), call on the field was upheld: Bo Naylor homers (3) on a fly ball to right field.","R","L","Naylor, Bo","Weaver, Luke","R","PIT","MIL","fly_ball",3,1,2026,NA,NA,NA,0,1,2,8,"Top",823334,68,5,5,3,4,5,2.454,-2,0.916,0.084,0.084,0.076,0.916,33,26,1,3
"2026-09-17","Sinker",91.3,"Daulton Varsho homers (12) on a fly ball to right center field.","R","L","Varsho, Daulton","Lugo, Seth","R","HOU","KC","fly_ball",1,0,2026,NA,NA,NA,0,1,1,2,"Bot",824141,14,2,1,1,1,2,1.542,0,0.531,0.469,0.531,0.105,0.469,37,30,1,0
"2026-09-17","4-Seam Fastball",100.9,"Walker Jenkins homers (2) on a fly ball to center field. Victor Caratini scores.","R","L","Jenkins, Walker","Joyce, Ben","R","LAA","MIN","fly_ball",1,0,2026,NA,NA,"Caratini, Víctor",1,2,2,9,"Top",823978,65,2,3,1,3,3,2.183,-2,0.96,0.04,0.04,0.355,0.96,26,21,1,3
"2026-09-17","Sinker",89.8,"Kyle Tucker homers (16) on a fly ball to right center field. Freddie Freeman scores.","R","L","Tucker, Kyle","Singer, Brady","R","CIN","LAD","fly_ball",3,1,2026,NA,NA,"Freeman, Freddie",1,2,1,1,"Top",824464,3,5,0,0,2,0,1.305,0,0.483,0.517,0.517,0.152,0.483,30,29,1,0
"2026-09-17","Sinker",91.9,"Josh Jung homers (10) on a fly ball to right field.","R","R","Jung, Josh","Gray, Sonny","R","TEX","BOS","fly_ball",1,1,2026,NA,NA,NA,0,1,2,1,"Bot",822845,7,3,0,0,0,1,2.61,0,0.509,0.491,0.509,0.103,0.491,37,28,1,0
"2026-09-17","Sinker",97.6,"Henry Davis homers (10) on a line drive to left field. Ronny Simon scores.","R","R","Davis, Henry","Ashby, Aaron","L","PIT","MIL","line_drive",3,1,2026,NA,NA,"Simon, Ronny",1,2,1,8,"Bot",823334,74,5,5,4,4,7,1.305,1,0.875,0.125,0.875,0.095,0.125,28,27,1,3
"2026-09-17","Curveball",80.3,"Trevor Story homers (4) on a line drive to left center field. Wilyer Abreu scores. Isiah Kiner-Falefa scores.","R","R","Story, Trevor","Latz, Jacob","L","TEX","BOS","line_drive",2,2,2026,NA,"Abreu, Wilyer","Kiner-Falefa, Isiah",2,3,1,8,"Top",822845,60,6,3,1,4,3,1.223,-2,0.793,0.207,0.207,0.515,0.793,30,34,1,3
"2026-09-17","Cutter",93.5,"Taylor Trammell homers (8) on a fly ball to right field.","R","L","Trammell, Taylor","Lange, Alex","R","HOU","KC","fly_ball",1,1,2026,NA,NA,NA,0,1,1,8,"Bot",824141,63,3,5,2,2,6,1.592,3,0.97,0.03,0.97,0.017,0.03,31,29,1,3
"2026-09-17","4-Seam Fastball",90.5,"Lawrence Butler homers (17) on a fly ball to right field.","R","L","Butler, Lawrence","Legumina, Casey","R","TB","ATH","fly_ball",1,2,2026,NA,NA,NA,0,1,0,6,"Top",822924,44,5,6,0,1,6,1.187,-6,0.975,0.025,0.025,0.023,0.975,29,26,1,2
"2026-09-17","Sinker",90.2,"Jeremy Peña homers (20) on a fly ball to left field.","R","R","Peña, Jeremy","Lugo, Seth","R","HOU","KC","fly_ball",0,0,2026,NA,NA,NA,0,1,0,1,"Bot",824141,6,1,0,1,1,1,1.114,-1,0.448,0.552,0.448,0.1,0.552,37,29,1,0
